{
  "project_info": {
    "project_number": "613283062863",
    "firebase_url": "https://ingen-744f2.firebaseio.com",
    "project_id": "ingen-744f2",
    "storage_bucket": "ingen-744f2.appspot.com"
  },
  "client": [
    {
      "client_info": {
        "mobilesdk_app_id": "1:613283062863:android:e5378bfc66436c347af63a",
        "android_client_info": {
          "package_name": "com.example.ingen"
        }
      },
      "oauth_client": [
        {
          "client_id": "613283062863-b9utbhvn9chmedsenifoh06kss19kdcv.apps.googleusercontent.com",
          "client_type": 3
        }
      ],
      "api_key": [
        {
          "current_key": "AIzaSyDlaWJ1AIaRsG0tS5-JiqIyX-j5grqgcew"
        }
      ],
      "services": {
        "appinvite_service": {
          "other_platform_oauth_client": [
            {
              "client_id": "613283062863-b9utbhvn9chmedsenifoh06kss19kdcv.apps.googleusercontent.com",
              "client_type": 3
            }
          ]
        }
      }
    }
  ],
  "configuration_version": "1"
}